id,image_url
1,http://images2.chictopia.com/photos/HenEvia/6896191906/frank-wright-boots-spicy-color-shirt-zara-pants-from-korea-cardigan_400.jpg
2,http://images0.chictopia.com/photos/RuxandraIoana/9323486814/lesara-skirt_400.jpg
3,http://images2.chictopia.com/photos/RuxandraIoana/1979253243/urban-outfitters-skirt_400.jpg
4,http://images0.chictopia.com/photos/elizabethkeene/9558803557/ingie-top-ingie-paris-skirt_400.jpg
5,http://images2.chictopia.com/photos/themoptop/3390879001/ivory-reformation-shirt-tawny-side-party-skirt_400.jpg
6,http://images0.chictopia.com/photos/districtofchic/1826227547/black-patent-mango-boots-black-turtleneck-zara-sweater_400.jpg
7,http://images0.chictopia.com/photos/RuxandraIoana/5872638007/zaful-skirt_400.jpg
8,http://images2.chictopia.com/photos/LeFashionMonster/10223413054/black-forever-21-hat-heather-gray-mango-skirt_400.jpg
9,http://images2.chictopia.com/photos/gvozd/2698513607/ninelly-skirt_400.jpg
10,http://images2.chictopia.com/photos/districtofchic/5761255014/black-cat-eye-quay-sunglasses-red-gingham-zara-skirt_400.jpg
11,http://images2.chictopia.com/photos/themoptop/8517531354/olive-green-who-what-wear-bag-dark-brown-gucci-glasses_400.jpg
12,http://images0.chictopia.com/photos/dollpoupee/4564667361/gold-lack-of-color-hat-gold-bag-ivory-maison-hotel-skirt-white-zara-top_400.jpg
13,http://images0.chictopia.com/photos/gvozd/8562547749/jessica-buurman-shoes-lost-ink-skirt-trend-brand-top_400.jpg
14,http://images2.chictopia.com/photos/Beeswonderland/3102214529/h-m-skirt_400.jpg
15,http://images0.chictopia.com/photos/elizabethkeene/9557572219/navy-printed-asos-skirt_400.jpg
16,http://images2.chictopia.com/photos/Beeswonderland/1929044941/bershka-skirt_400.jpg
17,http://images2.chictopia.com/photos/Aphrodite/4411586230/neutral-zara-skirt_400.jpg
18,http://images0.chictopia.com/photos/elizabethkeene/8828480935/nude-jimmy-choo-shoes-blue-asos-skirt-eggshell-storets-top_400.jpg
19,http://images2.chictopia.com/photos/micchie/6093511654/zara-jacket-thea-by-thara-skirt_400.jpg
20,http://images0.chictopia.com/photos/elizabethkeene/7632557564/white-striped-amazon-fashion-skirt_400.jpg
21,http://images0.chictopia.com/photos/micchie/11232694331/aranka-shirt-cameo-skirt_400.jpg
22,http://images0.chictopia.com/photos/elizabethkeene/8273246173/white-printed-amazon-fashion-skirt_400.jpg
23,http://images2.chictopia.com/photos/braNYaudreY/3211680774/army-green-front-row-shop-jacket-black-glam-up-bag-black-zara-skirt_400.jpg
24,http://images0.chictopia.com/photos/inspirafashion/2173555540/nude-crossbody-coach-bag-tan-suede-poshsquare-skirt_400.jpg
25,http://images2.chictopia.com/photos/elizabethkeene/6727319460/marc-fisher-shoes-magenta-guess-jacket-white-guess-skirt_400.jpg
26,http://images2.chictopia.com/photos/elizabethkeene/5361471592/neutral-farm-skirt-red-flynn-skye-top_400.jpg
27,http://images0.chictopia.com/photos/VictoriaB/9812381943/cream-suede-light-in-the-box-skirt-black-asos-heels_400.jpg
28,http://images2.chictopia.com/photos/Myblondegal/6074186289/red-rebecca-minkoff-bag-green-romwe-skirt-green-romwe-blouse_400.jpg
29,http://images2.chictopia.com/photos/dollpoupee/3992275801/white-doll-poup\xc3\xa9e-hair-accessory-white-spell-designs-top_400.jpg
30,http://images0.chictopia.com/photos/elizabethkeene/9553437782/sky-blue-floral-chicwish-skirt_400.jpg
31,http://images0.chictopia.com/photos/elizabethkeene/4956796142/red-jacquemus-skirt_400.jpg
32,http://images0.chictopia.com/photos/Aphrodite/10398198816/yellow-lemon-skirt_400.jpg
33,http://images0.chictopia.com/photos/queenhorsfall/3211637705/aquamarine-j-crew-sweater-dark-green-etsy-skirt_400.jpg
34,http://images0.chictopia.com/photos/Beeswonderland/6058224595/zara-shoes-shein-blazer-h-m-trend-skirt_400.jpg
35,http://images0.chictopia.com/photos/queenhorsfall/5473306718/tawny-tart-collection-coat-white-tommy-hilfiger-sweater_400.jpg
36,http://images2.chictopia.com/photos/elizabethkeene/1762916949/white-gianvitto-rossi-shoes-charcoal-gray-lulus-dress_400.jpg
37,http://images0.chictopia.com/photos/KimTuttle/4227496579/light-pink-make-me-chic-top-white-make-me-chic-skirt_400.jpg
38,http://images2.chictopia.com/photos/districtofchic/2540968665/black-leather-romwe-jacket-black-turtleneck-zara-sweater_400.jpg
39,http://images0.chictopia.com/photos/Beeswonderland/6084659648/mango-shoes-h-m-jacket-primark-shirt-h-m-skirt_400.jpg
40,http://images2.chictopia.com/photos/whatswithamy/9063839009/heather-gray-h-m-hat-aquamarine-oasap-skirt-pink-value-village-tie_400.jpg
41,http://images2.chictopia.com/photos/Beeswonderland/2083997617/h-m-jacket-h-m-skirt_400.jpg
42,http://images0.chictopia.com/photos/dollpoupee/9841874133/black-vintage-shoes-beige-vintage-skirt_400.jpg
43,http://images0.chictopia.com/photos/elizabethkeene/3363332337/nude-jimmy-choo-shoes-light-blue-turtleneck-forever-21-sweater_400.jpg
44,http://images2.chictopia.com/photos/elizabethkeene/2033526021/black-asos-skirt_400.jpg
45,http://images0.chictopia.com/photos/AgirlnamedNydia/10101881378/mustard-zara-sweater_400.jpg
46,http://images0.chictopia.com/photos/elizabethkeene/3198258444/brick-red-the-jetset-diaries-skirt_400.jpg
47,http://images2.chictopia.com/photos/sustainablesiren/8689309335/printed-crop-manaola-top-wrap-manaola-skirt_400.jpg
48,http://images0.chictopia.com/photos/Beeswonderland/5373538130/h-m-shoes-sheinside-coat-h-m-skirt_400.jpg
49,http://images0.chictopia.com/photos/LeFashionMonster/3567115455/black-mango-skirt_400.jpg
50,http://images2.chictopia.com/photos/KimTuttle/11139777084/ruby-red-fossil-bag-neutral-valentino-heels-heather-gray-sheinside-skirt_400.jpg
51,http://images0.chictopia.com/photos/aminta/7797105256/white-thrifted-boots-white-thrifted-hat-red-thrifted-vintage-skirt_400.jpg
52,http://images2.chictopia.com/photos/LeFashionMonster/8584320486/ivory-forever-21-sweater-black-mango-skirt_400.jpg
53,http://images0.chictopia.com/photos/AgirlnamedNydia/7779406909/dark-brown-shoedazzle-boots-navy-zara-skirt-off-white-zara-blouse_400.jpg
54,http://images2.chictopia.com/photos/KimTuttle/7751618914/navy-simone-camille-bag-gold-loeffler-randall-sandals_400.jpg
55,http://images0.chictopia.com/photos/KATEFP/2949499171/black-h-m-skirt_400.jpg
56,http://images2.chictopia.com/photos/Beeswonderland/5464324365/deichmann-boots-h-m-coat-h-m-shirt-bershka-skirt_400.jpg
57,http://images2.chictopia.com/photos/Beeswonderland/7532642914/h-m-shoes-h-m-skirt-kenzoxh-m-sweatshirt_400.jpg
58,http://images2.chictopia.com/photos/AgirlnamedNydia/6817769163/light-blue-bomber-zara-jacket-light-pink-pleated-zara-skirt_400.jpg
59,http://images0.chictopia.com/photos/elizabethkeene/5325523607/white-fringed-wow-couture-skirt_400.jpg
60,http://images0.chictopia.com/photos/queenhorsfall/10739130079/white-ny-company-sweater-tan-ny-company-cardigan-white-ny-company-skirt_400.jpg
61,http://images2.chictopia.com/photos/StilettoBeats/4803117921/heather-gray-booties-dolce-vita-boots-heather-gray-shoulder-bag-vince-bag_400.jpg
62,http://images0.chictopia.com/photos/Myblondegal/8334637248/pink-michael-kors-bag-blue-romwe-skirt_400.jpg
63,http://images0.chictopia.com/photos/Beeswonderland/5958029838/h-m-shoes-h-m-skirt-h-m-blouse_400.jpg
64,http://images0.chictopia.com/photos/themoptop/8282809545/black-shoescom-kelsi-dagger-shoes-navy-grana-skirt-black-topshop-top_400.jpg
65,http://images2.chictopia.com/photos/Beeswonderland/11419331703/zara-shoes-bershka-skirt-zara-blouse_400.jpg
66,http://images0.chictopia.com/photos/elizabethkeene/3221493441/nude-lulus-shoes-beige-jcrew-hat-neutral-lulus-bag-capwell-co-ring_400.jpg
67,http://images2.chictopia.com/photos/marianelahd/4877184666/shein-shirt-mango-skirt-mango-heels_400.jpg
68,http://images0.chictopia.com/photos/maryinvogue/8219360836/white-cut-out-booties-house-of-harlow-shoes-silver-vintage-bag_400.jpg
69,http://images2.chictopia.com/photos/marianelahd/1512420338/choies-skirt-shein-blouse-stuart-weitzman-heels_400.jpg
70,http://images0.chictopia.com/photos/Beeswonderland/4487113825/zara-shoes-h-m-skirt-adidas-sweatshirt_400.jpg
71,http://images2.chictopia.com/photos/Myblondegal/9573463656/tawny-rebecca-minkoff-bag-light-orange-choies-vest-tawny-romwe-skirt_400.jpg
72,http://images0.chictopia.com/photos/Myblondegal/3229783667/sky-blue-levis-jacket-silver-romwe-bag-silver-romwe-skirt_400.jpg
73,http://images2.chictopia.com/photos/michelletakeaim/10419264312/black-etienne-aigner-shoes-grey-leather-etienne-aigner-bag_400.jpg
74,http://images2.chictopia.com/photos/Myblondegal/11242911560/black-rebecca-minkoff-bag-tawny-choies-skirt-black-choies-heels_400.jpg
75,http://images2.chictopia.com/photos/elizabethkeene/6630960661/black-print-lk-bennett-skirt_400.jpg
76,http://images0.chictopia.com/photos/Beeswonderland/7630786663/deichmann-shoes-h-m-shirt-topshop-skirt_400.jpg
77,http://images0.chictopia.com/photos/marchewkowa/9594393125/off-white-hat-white-cotton-eldar-top-ruby-red-gingham-made-by-me-skirt_400.jpg
78,http://images2.chictopia.com/photos/Beeswonderland/8148514112/topshop-shoes-zaful-skirt_400.jpg
79,http://images0.chictopia.com/photos/KimTuttle/4896736684/emperia-bag-fossil-sunglasses-derek-lam-wedges-forever-21-skirt_400.jpg
80,http://images2.chictopia.com/photos/AgirlnamedNydia/6329867665/neutral-lace-zara-top-navy-zara-skirt-silver-nicole-vienna-watch_400.jpg
81,http://images2.chictopia.com/photos/Beeswonderland/11052310449/h-m-shoes-h-m-studio-blouse-h-m-studio-skirt_400.jpg
82,http://images2.chictopia.com/photos/Myblondegal/10634240367/bubble-gum-zerouv-sunglasses-green-yoins-skirt_400.jpg
83,http://images0.chictopia.com/photos/ViktoriyaSener/11096648194/light-pink-sheinside-jacket-light-pink-chicwish-skirt_400.jpg
84,http://images0.chictopia.com/photos/elizabethkeene/3570520396/white-bikini-ymi-jeans-swimwear-light-blue-lulus-skirt_400.jpg
85,http://images0.chictopia.com/photos/mihaelaperianu/10774247270/green-mango-skirt-beige-h-m-hat-white-mango-sweater-brown-c-a-bag_400.jpg
86,http://images0.chictopia.com/photos/miamiyu/1858534370/dark-green-miamasvin-top-forest-green-miamasvin-skirt_400.jpg
87,http://images2.chictopia.com/photos/SomeoneLikeYou18/8246628657/black-thrifted-top-brick-red-thrifted-skirt_400.jpg
88,http://images0.chictopia.com/photos/marianelahd/10502542325/mango-shirt-choies-bag-dolce-gabbana-sunglasses-oysho-sandals_400.jpg
89,http://images0.chictopia.com/photos/PamHetlinger/8403201053/white-midi-asos-skirt_400.jpg
90,http://images0.chictopia.com/photos/SomeoneLikeYou18/9631114285/black-h-m-top-navy-thrifted-skirt_400.jpg
91,http://images0.chictopia.com/photos/MERI_WILD/7256610116/white-ax-paris-skirt_400.jpg
92,http://images2.chictopia.com/photos/SomeoneLikeYou18/1891768541/black-h-m-shirt-black-thrifted-bag-black-thrifted-vintage-skirt_400.jpg
93,http://images2.chictopia.com/photos/RuxandraIoana/5123629114/zaful-sunglasses-zaful-top-zaful-skirt_400.jpg
94,http://images0.chictopia.com/photos/HaveClothesWillTrave/8156485765/jump-from-paper-bag-midi-retrolicious-skirt-modcloth-sandals_400.jpg
95,http://images2.chictopia.com/photos/Beeswonderland/1485457103/h-m-shoes-ray-ban-sunglasses-h-m-skirt-zara-necklace_400.jpg
96,http://images2.chictopia.com/photos/HaveClothesWillTrave/10493667593/star-wars-gifted-shirt-jump-from-paper-bag-pleated-modcloth-skirt_400.jpg
97,http://images2.chictopia.com/photos/queenhorsfall/6460994001/dark-gray-zara-sweater-white-macys-skirt-white-karmaloop-sneakers_400.jpg
98,http://images0.chictopia.com/photos/KatieLikeMe/9173306289/black-chunky-vinted-boots-black-dresslink-dress-black-wide-brim-target-hat_400.jpg
99,http://images2.chictopia.com/photos/RuxandraIoana/2305204853/gamiss-top-zaful-skirt_400.jpg
100,http://images0.chictopia.com/photos/AlexMalay/3812210179/alex-malay-skirt_400.jpg
101,http://images2.chictopia.com/photos/RuxandraIoana/10912915037/poppy-lovers-top-gamiss-skirt-jeffrey-campbell-flats_400.jpg
102,http://images2.chictopia.com/photos/dollpoupee/3433965690/bronze-free-people-boots-bronze-filippo-catarzi-hat-white-doll-poup\xc3\xa9e-hat_400.jpg
103,http://images0.chictopia.com/photos/istylelooks/3180976987/suede-rue-21-skirt_400.jpg
104,http://images0.chictopia.com/photos/adrienneee/3735642913/off-white-top-sky-blue-keepsake-skirt-beige-steve-madden-heels_400.jpg
105,http://images2.chictopia.com/photos/thethriftedition/9698460259/black-thrifted-forever-21-bag-black-thrifted-mules-nine-west-heels_400.jpg
106,http://images2.chictopia.com/photos/Basmilia/7896363390/white-zara-top-silver-zara-skirt-white-zara-sandals_400.jpg
107,http://images0.chictopia.com/photos/PamHetlinger/5303588422/ivory-wrap-topshop-skirt_400.jpg
108,http://images2.chictopia.com/photos/Flowglo/10349527433/light-yellow-ali-express-purse-karen-walker-sunglasses_400.jpg
109,http://images0.chictopia.com/photos/elizabethkeene/5670526831/white-gianvitto-rossi-shoes-red-31-phillip-lim-bag_400.jpg
110,http://images2.chictopia.com/photos/sustainablesiren/6846724984/daisy-del-sol-necklace-daisy-del-sol-skirt_400.jpg
111,http://images0.chictopia.com/photos/miamiyu/7433572954/ivory-miamasvin-top-green-miamasvin-skirt_400.jpg
112,http://images2.chictopia.com/photos/elizabethkeene/7060127715/neutral-madison-la-skirt_400.jpg
113,http://images2.chictopia.com/photos/sensiblestylista/3940018278/black-distressed-nine-west-boots-tan-emma-chloe-bag_400.jpg
114,http://images0.chictopia.com/photos/marianelahd/6032885883/guess-bag-bershka-heels-choies-top-sheinside-skirt_400.jpg
115,http://images2.chictopia.com/photos/robotheart/5565779210/sky-blue-denim-thrifted-jacket-red-plaid-a-robot-heart-skirt_400.jpg
116,http://images0.chictopia.com/photos/dollpoupee/8496964235/bronze-free-people-boots-bronze-filippo-catarzi-hat-red-spell-designs-skirt_400.jpg
117,http://images2.chictopia.com/photos/KimTuttle/4497848563/dark-brown-zara-bag-black-asos-heels-black-topshop-top_400.jpg
118,http://images2.chictopia.com/photos/AnniBeniara/10010550841/white-ringer-tee-wet-seal-t-shirt-blue-denim-skirt-pull-bear-skirt_400.jpg
119,http://images0.chictopia.com/photos/queenhorsfall/5897982141/neutral-neiman-markus-sweater-bronze-valentino-skirt-black-bnkr-sandals_400.jpg
120,http://images0.chictopia.com/photos/maryinvogue/10734202408/ivory-vintage-vintage-shirt-heather-gray-vintage-bag-vintage-bag_400.jpg
121,http://images2.chictopia.com/photos/deathbyplatforms/7575044241/white-cropped-top-light-blue-button-through-skirt-black-lace-up-sandals_400.jpg
122,http://images0.chictopia.com/photos/dollpoupee/7324857486/white-spell-designs-blouse-red-spell-designs-skirt_400.jpg
123,http://images2.chictopia.com/photos/adrienneee/4197213189/tan-leather-reed-krakoff-bag-black-chanel-sunglasses-blue-lamb-heels_400.jpg
124,http://images2.chictopia.com/photos/luckyorchid/6947908869/black-leather-jacket-light-pink-midi-skirt-white-loafers_400.jpg
125,http://images2.chictopia.com/photos/Veja_Du/2091579826/deep-purple-leather-clutch-bag-navy-striped-skirt-skirt_400.jpg
126,http://images2.chictopia.com/photos/pupuren/7219976423/white-marble-snupped-bag-gold-glitter-topshop-socks_400.jpg
127,http://images2.chictopia.com/photos/marianelahd/8816432567/romwe-skirt-stradivarius-blouse-hammerhoj-flats_400.jpg
128,http://images2.chictopia.com/photos/Loonia/1722218260/silver-silver-zara-skirt_400.jpg
129,http://images0.chictopia.com/photos/RuxandraIoana/3821222424/zaful-bag-zaful-sunglasses-zaful-skirt-shein-t-shirt_400.jpg
130,http://images2.chictopia.com/photos/michelletakeaim/5679095423/denim-helmut-lang-skirt_400.jpg
131,http://images2.chictopia.com/photos/pupuren/11391563636/red-neoprene-something-borrowed-jacket-brown-tote-mango-bag_400.jpg
132,http://images0.chictopia.com/photos/DympsandDimes/8244440105/black-missguided-blouse-black-maxi-h-m-skirt_400.jpg
133,http://images0.chictopia.com/photos/elizabethkeene/4014078769/maroon-forever-21-top-black-floral-forever-21-skirt_400.jpg
134,http://images2.chictopia.com/photos/queenhorsfall/10869506631/white-public-desire-boots-black-shopbop-sweater-black-runway-to-street-skirt_400.jpg
135,http://images0.chictopia.com/photos/LeFashionMonster/10790506449/light-pink-forever-21-skirt_400.jpg
136,http://images2.chictopia.com/photos/elizabethkeene/4517189092/black-trina-turk-bag-black-heavenly-couture-skirt-black-bikini-top-lulus-top_400.jpg
137,http://images2.chictopia.com/photos/RedReidinghood/2215899296/sky-blue-h-m-trend-shirt-black-asos-scarf-black-zara-bag-black-h-m-skirt_400.jpg
138,http://images2.chictopia.com/photos/FashionZen/1725516114/skirt_400.jpg
139,http://images0.chictopia.com/photos/elementsofellis/2418644247/skirt-asos-skirt-vest-vest_400.jpg
140,http://images2.chictopia.com/photos/queenhorsfall/3146243492/nude-nordstrom-hat-sky-blue-poupee-de-papier-bag-white-free-people-top_400.jpg
141,http://images2.chictopia.com/photos/ElsaGervasi/10176763820/white-green-coast-shirt-black-firmoo-sunglasses-navy-suede-zaful-skirt_400.jpg
142,http://images2.chictopia.com/photos/inspirafashion/11221341119/heather-gray-nordstrom-hat-ivory-marble-rebecca-minkoff-bag_400.jpg
143,http://images2.chictopia.com/photos/queenhorsfall/3002161388/black-poupee-de-papier-bag-eggshell-sanctuary-clothing-top_400.jpg
144,http://images0.chictopia.com/photos/Beeswonderland/7132452439/lightinthebox-blouse-h-m-skirt_400.jpg
145,http://images0.chictopia.com/photos/elizabethkeene/7137686991/peach-oneil-top-peach-lulus-skirt-kendra-scott-necklace_400.jpg
146,http://images0.chictopia.com/photos/RantiInReview/3487771627/gingham-blouse-altuzurra-shoes-michael-kors-bag-karen-walker-sunglasses_400.jpg
147,http://images2.chictopia.com/photos/Myblondegal/11009652530/white-rebecca-minkoff-bag-white-glamorous-blouse-light-orange-choies-skirt_400.jpg
148,http://images2.chictopia.com/photos/elizabethkeene/4049134764/white-charlotte-russe-shoes-red-alice-and-olivia-top_400.jpg
149,http://images2.chictopia.com/photos/FashionZen/10037303540/chloe-sweater-chloe-bag-erdem-skirt_400.jpg
150,http://images2.chictopia.com/photos/sensiblestylista/8974035111/black-jwholesale-bag-black-fluted-bandage-bcbg-max-azria-skirt_400.jpg
151,http://images2.chictopia.com/photos/Myblondegal/6654548052/sky-blue-cambridge-satchel-bag-sky-blue-larimar-online-bracelet_400.jpg
152,http://images2.chictopia.com/photos/cryskel/2087176036/black-sisley-bag-camel-suede-h-m-flats-maroon-bershka-skirt_400.jpg
153,http://images0.chictopia.com/photos/ModaMama/7808734088/brown-thrifted-unknown-boots-camel-fedora-unknown-hat_400.jpg
154,http://images2.chictopia.com/photos/sensiblestylista/8428742530/black-maumero-shoes-black-banana-republic-skirt_400.jpg
155,http://images2.chictopia.com/photos/LeFashionMonster/8191861736/white-lioness-skirt-white-adi-sneakers_400.jpg
156,http://images2.chictopia.com/photos/KimTuttle/6496918100/peach-balenciaga-bag-peach-topshop-top-dark-khaki-missguided-skirt_400.jpg
157,http://images2.chictopia.com/photos/MargaritaMaslova/4001680662/eggshell-stradivarius-jacket-light-pink-reserved-bag-lime-green-oodji-skirt_400.jpg
158,http://images2.chictopia.com/photos/elizabethkeene/5446398118/silver-marc-fisher-shoes-bubble-gum-clutch-trina-turk-bag_400.jpg
159,http://images2.chictopia.com/photos/MinnieMuse/7771063093/thrifted-shirt-sam-moon-purse-handmade-skirt-modcloth-sandals_400.jpg
160,http://images0.chictopia.com/photos/animalarithmeticblog/11223737829/black-fringe-asos-boots-eggshell-turtleneck-joop-sweater_400.jpg
161,http://images0.chictopia.com/photos/Maray/7052826338/stradivarius-bag-primark-belt-pull-bear-skirt-pull-bear-sandals_400.jpg
162,http://images2.chictopia.com/photos/miamiyu/4526545074/ivory-miamasvin-top-miamasvin-skirt-sky-blue-miamasvin-heels_400.jpg
163,http://images0.chictopia.com/photos/StardustBohemian/8457052987/ivory-two-piece-set-zaful-skirt-navy-wig-everyday-wig-hair-accessory_400.jpg
164,http://images0.chictopia.com/photos/Veja_Du/4060508832/silver-floral-sweater-sweater-nude-leather-bag-bag-blue-skirt_400.jpg
165,http://images0.chictopia.com/photos/Manuella/7730153910/black-jessica-buurman-sandals-army-green-romwe-skirt_400.jpg
166,http://images2.chictopia.com/photos/AJVN/7334065824/black-parfois-bag-dark-brown-clockhouse-sunglasses_400.jpg
167,http://images2.chictopia.com/photos/elizabethkeene/10138115103/light-pink-for-love-lemons-top-light-pink-wrap-for-love-lemons-skirt_400.jpg
168,http://images2.chictopia.com/photos/FashionZen/5687416549/skirt_400.jpg
169,http://images0.chictopia.com/photos/elizabethkeene/9715371783/red-justfab-shoes-light-pink-fame-and-partners-top_400.jpg
170,http://images0.chictopia.com/photos/sustainablesiren/4058681832/whiskey-dog-wares-top-whiskey-dog-wares-skirt_400.jpg
171,http://images2.chictopia.com/photos/StilettoBeats/5662425701/black-boater-brixton-hat-white-bow-ruffle-xoxo-blouse_400.jpg
172,http://images0.chictopia.com/photos/KimTuttle/1916229002/camel-missguided-sweater-dark-brown-zara-bag-white-missguided-skirt_400.jpg
173,http://images2.chictopia.com/photos/queenhorsfall/9249582657/black-forever-21-jacket-black-trendhood-bag-black-shoesdotcom-loafers_400.jpg
174,http://images2.chictopia.com/photos/PamHetlinger/7496849446/black-wrap-mango-skirt_400.jpg
175,http://images2.chictopia.com/photos/dollpoupee/10185563219/brown-filippo-catarzi-hat-ruby-red-spell-designs-top_400.jpg
176,http://images0.chictopia.com/photos/Mesmerize87/10258894821/white-hudson-shoes-black-foi-bag-black-bnkr-skirt-black-bnkr-top_400.jpg
177,http://images2.chictopia.com/photos/Beeswonderland/1816244147/h-m-skirt-h-m-blouse_400.jpg
178,http://images0.chictopia.com/photos/elizabethkeene/10860165115/peach-printed-lulus-skirt_400.jpg
179,http://images2.chictopia.com/photos/TheMadTwins/2141468565/black-new-look-flats-cream-forever21-top-cream-forever-21-skirt_400.jpg
180,http://images2.chictopia.com/photos/louisamoje/9712368432/black-boohoo-bodysuit-yellow-custom-made-skirt-blue-shoedazzle-heels_400.jpg
181,http://images2.chictopia.com/photos/itskendallkay/7625082005/red-chiffon-vintage-scarf-silver-metal-tom-ford-sunglasses_400.jpg
182,http://images0.chictopia.com/photos/whatswithamy/7899385166/dark-brown-lace-up-boots-western-shop-boots-burnt-orange-free-people-sweater_400.jpg
183,http://images2.chictopia.com/photos/JuliesDresscode/4906148793/burnt-orange-wrapped-skirt-miss-selfridge-skirt_400.jpg
184,http://images0.chictopia.com/photos/RealWorldEveryDay/4959015677/oatmeal-linen-jones-co-top-mustard-midi-zara-skirt-kelsi-dagger-sandals_400.jpg
185,http://images0.chictopia.com/photos/AgirlnamedNydia/8055296556/forest-green-pleated-zara-skirt-gray-zara-top_400.jpg
186,http://images2.chictopia.com/photos/toutlamode/2444166989/black-stella-mccartney-shoes-heather-gray-balenciaga-sweater-navy-celine-bag_400.jpg
187,http://images0.chictopia.com/photos/mexalex/1941698141/forever-21-bag-via-vanilla-sunglasses-zara-skirt-pull-bear-t-shirt_400.jpg
188,http://images2.chictopia.com/photos/luckyorchid/3839601107/heather-gray-oxfords-shoes-blue-denim-jacket-jacket-ivory-pleated-skirt_400.jpg
189,http://images2.chictopia.com/photos/MaristellaG/4916132719/ruby-red-saint-laurent-bag-pink-retro-kate-spade-sunglasses_400.jpg
190,http://images0.chictopia.com/photos/cryskel/7652939518/dark-gray-ankle-boots-h-m-boots-black-leather-jacket-pull-bear-jacket_400.jpg
191,http://images0.chictopia.com/photos/elizabethkeene/4145488053/nude-charlotte-russe-shoes-light-pink-wet-seal-bag-sole-society-sunglasses_400.jpg
192,http://images0.chictopia.com/photos/PamHetlinger/2016655870/white-midi-express-skirt_400.jpg
193,http://images2.chictopia.com/photos/KathyAndy/2821546776/black-h-m-hat-black-bunny-shape-new-yorker-bag_400.jpg
194,http://images2.chictopia.com/photos/fashionandcookies/8328774880/yellow-playnomore-bag-black-fendi-sunglasses-violet-cesare-paciotti-heels_400.jpg
195,http://images2.chictopia.com/photos/Lindwormmm/6145989692/nude-neff-hat-white-black-milk-leggings-bubble-gum-pink-comfy-thrifted-shirt_400.jpg
196,http://images2.chictopia.com/photos/JubjibCharoenchasri/7843015019/adidas-shoes-zara-coat-boyy-bag-gentlemonster-sunglasses-zara-skirt_400.jpg
197,http://images2.chictopia.com/photos/districtofchic/1847872117/black-leather-surface-to-air-jacket-black-belt-bag-celine-bag_400.jpg
198,http://images2.chictopia.com/photos/elizabethkeene/10714422773/light-pink-forever-21-skirt_400.jpg
199,http://images0.chictopia.com/photos/thecomelycloset/4261626381/amethyst-unknown-brand-skirt-black-aliexpress-top-brown-forever-21-sandals_400.jpg
200,http://images0.chictopia.com/photos/bighairloudmouth/9529798536/dorothy-perkins-skirt-dorothy-perkins-blouse_400.jpg
201,http://images2.chictopia.com/photos/Manuella/7501973988/black-choies-boots-black-shopbop-jacket-black-shopbop-skirt_400.jpg
202,http://images0.chictopia.com/photos/queenhorsfall/5877354907/ruby-red-lucky-chouette-top-sky-blue-madewell-skirt-navy-nina-shoes-sandals_400.jpg
203,http://images0.chictopia.com/photos/marianelahd/8833979624/guess-bag-shein-skirt-zara-t-shirt_400.jpg
204,http://images2.chictopia.com/photos/SomeoneLikeYou18/8955695163/black-h-m-dress-tan-thrifted-skirt_400.jpg
205,http://images0.chictopia.com/photos/SomeoneLikeYou18/5797299285/navy-thrifted-sweater-red-christian-dior-scarf-dark-brown-thrifted-skirt_400.jpg
206,http://images2.chictopia.com/photos/braNYaudreY/2266285746/shoestar-boots-zara-coat-orsay-skirt-studio-glina-ring-curlylab-necklace_400.jpg
207,http://images2.chictopia.com/photos/HaveClothesWillTrave/7416449485/maxi-alexia-designs-skirt-zipper-handmade-necklace_400.jpg
208,http://images2.chictopia.com/photos/Oz_style/5279039430/camel-bershka-boots-silver-h-m-scarf-h-m-skirt_400.jpg
209,http://images2.chictopia.com/photos/Remi/2994817033/heather-gray-asos-sunglasses-white-missguided-top-beige-asos-skirt_400.jpg
210,http://images0.chictopia.com/photos/luckyorchid/3328805509/olive-green-wrap-skirt_400.jpg
211,http://images2.chictopia.com/photos/SilverGirl/4793462191/yellow-printed-poplin-zara-top-sky-blue-denim-zara-skirt_400.jpg
212,http://images0.chictopia.com/photos/AgirlnamedNydia/9142365665/beige-boater-forever-21-hat-black-embellished-asos-sandals_400.jpg
213,http://images0.chictopia.com/photos/TOMGFASHION/5162854505/white-off-shoulder-sheinside-blouse-black-skirt-skirt_400.jpg
214,http://images0.chictopia.com/photos/FashionZen/8518745156/vetements-sweater-rodarte-x-other-stories-skirt_400.jpg
215,http://images0.chictopia.com/photos/Beeswonderland/4354745909/deichmann-shoes-h-m-trend-skirt_400.jpg
216,http://images2.chictopia.com/photos/queenhorsfall/4754829852/black-public-desire-boots-white-band-of-gypsies-top-navy-free-people-skirt_400.jpg
217,http://images0.chictopia.com/photos/pupuren/7100116552/amethyst-ankle-we-love-colors-socks-white-embroidered-romwe-blouse_400.jpg
218,http://images2.chictopia.com/photos/AgirlnamedNydia/11408961162/yellow-clutch-asos-bag-sky-blue-denim-forever-21-skirt_400.jpg
219,http://images0.chictopia.com/photos/queenhorsfall/6024631309/silver-public-desire-boots-heather-gray-zady-sweater-black-h-m-scarf_400.jpg
220,http://images0.chictopia.com/photos/SomeoneLikeYou18/11245245902/black-thrifted-scarf-white-thrifted-blouse-black-thrifted-skirt_400.jpg
221,http://images0.chictopia.com/photos/SandyMV/2225609568/vintage-bag-vogue-eyewear-sunglasses-zara-top-bershka-sandals_400.jpg
222,http://images2.chictopia.com/photos/shallwesasa/10053722815/less-than-60-shirt-shirt-bag-bag-sunglasses-sunglasses-heels-heels_400.jpg
223,http://images2.chictopia.com/photos/IFeoluwaAnani/2474375685/hm-top-valerie-apparel-skirt-riverisland-heels_400.jpg
224,http://images2.chictopia.com/photos/idalaida/7900444564/dark-brown-idalaida-coat-crimson-mango-bag-burnt-orange-idalaida-skirt_400.jpg
225,http://images2.chictopia.com/photos/RuxandraIoana/8733807251/choies-blouse-choies-accessories-choies-necklace-choies-skirt_400.jpg
226,http://images0.chictopia.com/photos/PrettyLittleShoppers/1729994690/ruby-red-dior-bag-brown-versace-sunglasses-navy-tommy-hilfiger-skirt_400.jpg
227,http://images0.chictopia.com/photos/SomeoneLikeYou18/3460347721/dark-green-thrifted-hat-navy-thrifted-jacket-burnt-orange-thrifted-skirt_400.jpg
228,http://images0.chictopia.com/photos/Stylediarybyosy/2444462919/crimson-suede-shoedazzle-boots-black-faux-fur-jcpenney-jacket_400.jpg
229,http://images0.chictopia.com/photos/elizabethkeene/6386051366/silver-steve-madden-shoes-white-justfab-shirt-black-chanel-bag_400.jpg
230,http://images2.chictopia.com/photos/seamless_sea/5166116931/camel-free-people-hat-black-blanknyc-jacket-black-gap-skirt_400.jpg
231,http://images0.chictopia.com/photos/pupuren/10421834982/white-white-gu-sweater-pink-rose-3d-bag-original-bag_400.jpg
232,http://images2.chictopia.com/photos/marianelahd/1817538060/zara-boots-bershka-top-h-m-skirt_400.jpg
233,http://images2.chictopia.com/photos/themoptop/9535342827/white-ivyrevel-top-navy-ag-jeans-skirt-dark-khaki-zara-sandals_400.jpg
234,http://images2.chictopia.com/photos/vaneberlin/1809759575/tan-bag-crimson-pumps-off-white-blouse-skirt_400.jpg
235,http://images2.chictopia.com/photos/AgirlnamedNydia/11408284495/silver-patched-forever-21-sweater-olive-green-corduroy-agaci-skirt_400.jpg
236,http://images2.chictopia.com/photos/MERI_WILD/2417375055/dark-brown-zara-skirt_400.jpg
237,http://images2.chictopia.com/photos/Blogdale/4330496841/tawny-skirt_400.jpg
238,http://images2.chictopia.com/photos/SomeoneLikeYou18/3010865711/black-aeropostale-top-ruby-red-thrifted-skirt-black-boohoo-sandals_400.jpg
239,http://images0.chictopia.com/photos/elizabethkeene/8755312903/white-hot-miami-styles-top-white-lulus-skirt-kessaris-quartz-watch_400.jpg
240,http://images2.chictopia.com/photos/poshclassymom/3407992437/louis-vuitton-bag-karen-walker-sunglasses-adidas-sneakers_400.jpg
241,http://images2.chictopia.com/photos/timbo/10446321546/asos-bag-shein-skirt_400.jpg
242,http://images2.chictopia.com/photos/FestyinstyleBlog/9756785467/gant-jacket-gant-shirt-louis-vuitton-bag-adidas-sneakers-gant-skirt_400.jpg
243,http://images0.chictopia.com/photos/World_ofclothes/4627772411/off-white-heels-silver-forever-21-skirt-black-crop-top-top_400.jpg
244,http://images0.chictopia.com/photos/Beeswonderland/5787662779/puma-shoes-h-m-trend-skirt_400.jpg
245,http://images2.chictopia.com/photos/prelel/2277605236/white-pull-bear-shirt-white-rosegal-skirt_400.jpg
246,http://images0.chictopia.com/photos/jointycroissanty/8985454408/light-pink-wholesalebuying-skirt_400.jpg
247,http://images0.chictopia.com/photos/KimTuttle/10308423968/white-tildon-bag-silver-missguided-skirt-neutral-missguided-top_400.jpg
248,http://images2.chictopia.com/photos/shinysyl/11206960485/ugg-ugg-shoes-suede-new-look-skirt_400.jpg
249,http://images0.chictopia.com/photos/_britnieharlow/8827855554/black-vera-wang-boots-light-pink-thrifted-vintage-jacket-black-h-m-bag_400.jpg
250,http://images2.chictopia.com/photos/AmeliaBreading/10143199366/bubble-gum-platform-dolls-kill-boots-bubble-gum-backpack-lamoda-bag_400.jpg
251,http://images2.chictopia.com/photos/huntercollector/8735052832/blue-v-neck-tobi-top-denim-gap-skirt_400.jpg
252,http://images2.chictopia.com/photos/elementsofellis/2172819625/skirt-banana-republic-skirt_400.jpg
253,http://images2.chictopia.com/photos/Manuella/8901816515/light-yellow-michael-kors-bag-light-yellow-ami-clubwear-sandals_400.jpg
254,http://images0.chictopia.com/photos/shallwesasa/7847301274/top-top-less-than-20-skirt-skirt-wallet-wallet-heels-heels_400.jpg
255,http://images0.chictopia.com/photos/elizabethkeene/2083492716/silver-valentino-shoes-nude-clutch-wet-seal-bag_400.jpg
256,http://images2.chictopia.com/photos/RuxandraIoana/7728889747/chicwish-skirt_400.jpg
257,http://images2.chictopia.com/photos/Smart_Blondes/6943917660/black-street-style-nordstrom-jacket-gold-satchel-michael-kors-bag_400.jpg
258,http://images2.chictopia.com/photos/Smart_Blondes/11132668048/black-leather-nordstrom-jacket-black-button-up-windsor-blouse_400.jpg
259,http://images2.chictopia.com/photos/Manuella/10017941598/black-shopbop-bag-black-choies-top-light-pink-choies-skirt_400.jpg
260,http://images0.chictopia.com/photos/KimTuttle/7644236385/gray-forever-21-boots-camel-h-m-jacket-navy-hermes-scarf_400.jpg
261,http://images0.chictopia.com/photos/SuzanneCarillo/6604014937/black-suede-fringe-vintage-skirt-turquoise-blue-paisley-tj-maxx-top_400.jpg
262,http://images0.chictopia.com/photos/SuzanneCarillo/10521896473/black-embroidered-vintage-bag-blue-silk-joe-fresh-top_400.jpg
263,http://images0.chictopia.com/photos/SuzanneCarillo/7153985145/camel-striped-club-monaco-top-black-leather-thrifted-skirt_400.jpg
264,http://images0.chictopia.com/photos/titispassion/2111835705/bomber-floral-asos-jacket-asos-skirt_400.jpg
265,http://images2.chictopia.com/photos/bloomgirlblog/8474326650/gucci-bag-sacai-skirt_400.jpg
266,http://images2.chictopia.com/photos/FindingFemme/11244958162/light-blue-midi-chicwish-skirt-white-alannah-hill-cardigan_400.jpg
267,http://images2.chictopia.com/photos/queenhorsfall/9778181059/white-wannabk-top-ruby-red-eva-mendes-skirt-red-nasty-gal-sandals_400.jpg
268,http://images2.chictopia.com/photos/forsevenseasons/5003545047/old-navy-shirt-coach-bag-sammydress-skirt-j-crew-necklace-aldo-heels_400.jpg
269,http://images0.chictopia.com/photos/KathyAndy/9904995014/black-chunky-h-m-boots-black-faux-leather-new-yorker-jacket_400.jpg
270,http://images2.chictopia.com/photos/elizabethkeene/7067928846/silver-jcrew-shoes-carrot-orange-banana-republic-sweater_400.jpg
271,http://images2.chictopia.com/photos/andystyle/6013631026/black-floral-gap-skirt-black-forever-21-heels_400.jpg
272,http://images0.chictopia.com/photos/marianelahd/9669360613/zara-jacket-mango-scarf-christian-dior-sunglasses-mango-skirt_400.jpg
273,http://images2.chictopia.com/photos/Simofever/8168746902/artista-skirt_400.jpg
274,http://images0.chictopia.com/photos/RuxandraIoana/9945463990/chicwish-top-chicwish-skirt-choies-earrings_400.jpg
275,http://images0.chictopia.com/photos/RuxandraIoana/8803320377/lightinthebox-skirt-lightinthebox-hair-accessory_400.jpg
276,http://images2.chictopia.com/photos/MERI_WILD/4991475284/crimson-zara-skirt-brown-deezee-heels_400.jpg
277,http://images2.chictopia.com/photos/poshclassymom/9456548541/light-pink-cupcakes-and-cashmere-coat-nude-chanel-bag_400.jpg
278,http://images2.chictopia.com/photos/Maray/2602779168/mary-paz-boots-primark-bag-pull-bear-skirt-h-m-top_400.jpg
279,http://images0.chictopia.com/photos/FairyColors/8538254810/dark-brown-leather-boots-black-gifted-h-m-hat-brown-floral-thrifted-scarf_400.jpg
280,http://images2.chictopia.com/photos/AgirlnamedNydia/9284315121/light-blue-denim-gap-jacket-white-denim-forever-21-skirt_400.jpg
281,http://images2.chictopia.com/photos/lissakahayon/11297925687/blue-forever-21-skirt_400.jpg
282,http://images2.chictopia.com/photos/JennesisOfChic/6273957681/valentino-shoes-salvatore-ferragamo-bag-light-pink-club-monaco-blouse_400.jpg
283,http://images0.chictopia.com/photos/dollpoupee/8535864977/tawny-free-people-boots-tawny-etsy-sunglasses-ruby-red-spell-designs-skirt_400.jpg
284,http://images2.chictopia.com/photos/braNYaudreY/5536130640/mistral-bag-zaful-skirt-choies-sandals-koton-blouse_400.jpg
285,http://images2.chictopia.com/photos/themoptop/6980258601/light-blue-urban-outfitters-skirt-white-topshop-top-camel-matisse-sandals_400.jpg
286,http://images2.chictopia.com/photos/cindykarmoko/9293513776/silver-yeezy-boost-350-adidas-sneakers-silver-otherstories-top_400.jpg
287,http://images0.chictopia.com/photos/slumberdoll/9277712059/black-happymallow-sweater-white-michael-kors-bag-peach-romwe-skirt_400.jpg
288,http://images2.chictopia.com/photos/slumberdoll/3903084227/navy-strathberry-bag-white-charles-keith-wedges_400.jpg
289,http://images0.chictopia.com/photos/slumberdoll/6708480941/navy-wrap-anika-skirt-white-off-shoulder-lola-daisies-top_400.jpg
290,http://images2.chictopia.com/photos/Blogdale/5040854649/ivory-skirt_400.jpg
291,http://images2.chictopia.com/photos/Kryz/2196546592/dark-green-mango-skirt_400.jpg
292,http://images0.chictopia.com/photos/elizabethkeene/4775667559/nude-charlotte-russe-shoes-aquamarine-paul-joe-coat_400.jpg
293,http://images2.chictopia.com/photos/fak3shion/3367478541/navy-madewell-top-green-pleated-zara-skirt-purple-suede-vintage-heels_400.jpg
294,http://images0.chictopia.com/photos/glamlatte/10017546031/tony-bianco-shoes-dkny-jacket-gigi-new-york-bag-perfect-haze-skirt_400.jpg
295,http://images2.chictopia.com/photos/braNYaudreY/8593275033/black-h-m-dress-black-h-m-shirt-black-reserved-socks-gold-h-m-pants_400.jpg
296,http://images2.chictopia.com/photos/elizabethkeene/8139473492/red-nordstrom-boots-black-sweater-dress-free-people-dress_400.jpg
297,http://images0.chictopia.com/photos/themoptop/6408672881/brown-free-people-boots-brown-urban-outfitters-coat-sky-blue-levis-jeans_400.jpg
298,http://images2.chictopia.com/photos/districtofchic/9196127270/black-patent-leather-mango-boots-black-winter-coat-marc-new-york-coat_400.jpg
299,http://images2.chictopia.com/photos/braNYaudreY/5400902656/reserved-jeans-light-pink-reserved-sweater-white-reserved-shirt_400.jpg
300,http://images2.chictopia.com/photos/Sissy/4362409808/zara-shirt-mango-pants_400.jpg
301,http://images2.chictopia.com/photos/themoptop/3390879001/ivory-reformation-shirt-tawny-side-party-skirt_400.jpg
302,http://images2.chictopia.com/photos/VictoriaB/6481010191/periwinkle-jeans-jeans-pink-cotton-yoins-shirt-cream-asos-bag_400.jpg
303,http://images2.chictopia.com/photos/paxie_aiza/7090969556/dark-green-zalora-shoes-black-mossimo-jacket-black-giordano-shirt_400.jpg
304,http://images0.chictopia.com/photos/braNYaudreY/6903805126/light-brown-bata-shoes-light-blue-oviesse-shirt-orange-zara-scarf_400.jpg
305,http://images0.chictopia.com/photos/LeFashionMonster/11036203139/red-zara-shirt-white-adidas-sneakers_400.jpg
306,http://images0.chictopia.com/photos/micchie/11232694331/aranka-shirt-cameo-skirt_400.jpg
307,http://images0.chictopia.com/photos/itsAndrei/7855162170/ruby-red-zara-jacket-black-h-m-shirt-black-new-yorker-sunglasses_400.jpg
308,http://images2.chictopia.com/photos/itsAndrei/9698684812/dark-khaki-diesel-shoes-black-h-m-jacket-black-zara-shirt-black-h-m-pants_400.jpg
309,http://images0.chictopia.com/photos/Aphrodite/8176687602/light-blue-dress-zara-shirt_400.jpg
310,http://images2.chictopia.com/photos/themoptop/5911895743/black-converse-shoes-black-jeans-white-nakd-shirt_400.jpg
311,http://images0.chictopia.com/photos/Aphrodite/8602302172/white-shirt_400.jpg
312,http://images2.chictopia.com/photos/elizabethkeene/6084557399/black-gucci-shoes-light-pink-trench-coat-forever-21-coat_400.jpg
313,http://images0.chictopia.com/photos/themoptop/3151687146/black-levis-jeans-white-free-people-shirt-light-brown-purse_400.jpg
314,http://images0.chictopia.com/photos/reyalfashion/8149191449/navy-eight-field-of-freedom-jeans-maroon-forever21-jacket_400.jpg
315,http://images2.chictopia.com/photos/DelmyMaya/9144973705/dark-brown-saks-boots-navy-ellen-tracy-coat-blue-gap-jeans_400.jpg
316,http://images0.chictopia.com/photos/elizabethkeene/3116470878/light-blue-justfab-shoes-blue-justfab-jeans-white-floral-justfab-blazer_400.jpg
317,http://images0.chictopia.com/photos/itskendallkay/7110592043/white-shirt_400.jpg
318,http://images2.chictopia.com/photos/LevitateStyle/2882951186/brown-boots-red-wing-boots-camel-camel-tallia-orange-coat_400.jpg
319,http://images2.chictopia.com/photos/itsAndrei/5275133702/dark-brown-h-m-shoes-black-zara-coat-off-white-shirt-black-pull-bear-vest_400.jpg
320,http://images0.chictopia.com/photos/LevitateStyle/2949569505/dark-brown-dress-shoes-allen-edmonds-shoes-pink-shirt-charles-tyrwhitt-shirt_400.jpg
321,http://images0.chictopia.com/photos/Beeswonderland/6084659648/mango-shoes-h-m-jacket-primark-shirt-h-m-skirt_400.jpg
322,http://images2.chictopia.com/photos/elizabethkeene/5689915213/light-blue-printed-gianvitto-rossi-x-mary-kratzanou-shoes_400.jpg
323,http://images0.chictopia.com/photos/themoptop/2834130458/navy-redone-jeans-red-camp-shirt_400.jpg
324,http://images0.chictopia.com/photos/reyalfashion/9403963475/navy-christian-louboutin-boots-black-dr-denim-jacket_400.jpg
325,http://images2.chictopia.com/photos/Aphrodite/7904165983/white-dress-shirt_400.jpg
326,http://images2.chictopia.com/photos/elizabethkeene/5323876366/black-shirtdress-forever-21-shirt_400.jpg
327,http://images2.chictopia.com/photos/themoptop/9388836838/navy-frame-jeans-heather-gray-bridge-burn-hat_400.jpg
328,http://images0.chictopia.com/photos/Aphrodite/6569316727/white-zara-shirt_400.jpg
329,http://images2.chictopia.com/photos/LevitateStyle/7051654663/dark-brown-loafers-allen-edmonds-shoes-gray-topcoat-gant-coat_400.jpg
330,http://images2.chictopia.com/photos/itskendallkay/7977909173/heather-gray-velvet-boots-navy-two-tone-pacsun-jeans-black-fedora-hat_400.jpg
331,http://images2.chictopia.com/photos/Aphrodite/8755441534/black-dress-shirt_400.jpg
332,http://images0.chictopia.com/photos/Beeswonderland/11319236060/shein-coat-primark-jeans-h-m-shirt_400.jpg
333,http://images2.chictopia.com/photos/themoptop/2453198141/tawny-free-people-boots-camel-vintage-christian-dior-coat_400.jpg
334,http://images0.chictopia.com/photos/itsAndrei/3638458932/heather-gray-h-m-coat-black-zara-jacket-white-h-m-shirt-black-pants_400.jpg
335,http://images2.chictopia.com/photos/itsAndrei/3625741410/gray-h-m-coat-turquoise-blue-zara-jeans-turquoise-blue-zara-jacket_400.jpg
336,http://images2.chictopia.com/photos/itsAndrei/3605708761/black-zara-boots-charcoal-gray-h-m-coat-carrot-orange-zara-jacket_400.jpg
337,http://images0.chictopia.com/photos/marianelahd/10210301506/easy-wear-coat-easy-wear-jeans-green-coast-shirt_400.jpg
338,http://images0.chictopia.com/photos/LeFashionMonster/11055380197/black-zara-shirt_400.jpg
339,http://images0.chictopia.com/photos/itsAndrei/4389587854/black-zara-shoes-charcoal-gray-house-of-art-coat-navy-h-m-jeans_400.jpg
340,http://images2.chictopia.com/photos/Beeswonderland/9955505179/topshop-shoes-h-m-shirt-h-m-pants_400.jpg
341,http://images2.chictopia.com/photos/braNYaudreY/5003474238/nine-west-shoes-h-m-dress-roberto-baressi-shirt-asos-bag_400.jpg
342,http://images2.chictopia.com/photos/elizabethkeene/10897160636/nude-charlotte-russe-shoes-white-macys-coat-navy-striped-forever-21-sweater_400.jpg
343,http://images0.chictopia.com/photos/reyalfashion/11298334930/silver-lacoste-shirt-white-lacoste-sneakers-black-mr-turk-pants_400.jpg
344,http://images0.chictopia.com/photos/marianelahd/3946604259/zara-shirt-guess-bag-emporio-armani-sunglasses-pull-bear-sneakers_400.jpg
345,http://images2.chictopia.com/photos/reyalfashion/3562549330/dark-brown-stacy-adams-boots-camel-hudson-jeans-silver-asos-blazer_400.jpg
346,http://images2.chictopia.com/photos/itsAndrei/3147842730/black-zara-shoes-navy-blazer-black-calvin-klein-shirt-black-h-m-pants_400.jpg
347,http://images0.chictopia.com/photos/marianelahd/7052393978/zara-boots-zara-shirt-michael-kors-bag-celine-sunglasses-zara-panties_400.jpg
348,http://images2.chictopia.com/photos/itsAndrei/9113032971/black-h-m-boots-yellow-zara-coat-black-h-m-shirt-black-zara-pants_400.jpg
349,http://images2.chictopia.com/photos/marianelahd/5259608457/zara-jeans-zara-jacket-mango-shirt-guess-bag_400.jpg
350,http://images2.chictopia.com/photos/reyalfashion/5343564831/white-dr-denim-jeans-silver-lacoste-shirt-tan-wyeth-eyewear-sunglasses_400.jpg
351,http://images2.chictopia.com/photos/Beeswonderland/5464324365/deichmann-boots-h-m-coat-h-m-shirt-bershka-skirt_400.jpg
352,http://images0.chictopia.com/photos/reyalfashion/5616930432/black-kenzo-shirt-coral-ray-ban-sunglasses-navy-bar-iii-pants_400.jpg
353,http://images2.chictopia.com/photos/reyalfashion/4807662699/silver-levis-shirt-gray-ray-ban-sunglasses_400.jpg
354,http://images0.chictopia.com/photos/Beeswonderland/9375522373/deichmann-boots-front-row-shop-dress-zara-jacket-primark-shirt_400.jpg
355,http://images0.chictopia.com/photos/LevitateStyle/1969058810/brown-oxford-nisolo-shoes-navy-denim-7-for-all-mankind-jeans_400.jpg
356,http://images2.chictopia.com/photos/Myblondegal/2388024380/sky-blue-levis-jeans-sky-blue-romwe-shirt-red-romwe-belt_400.jpg
357,http://images0.chictopia.com/photos/RuxandraIoana/8832775991/romwe-shirt_400.jpg
358,http://images0.chictopia.com/photos/marianelahd/4714419569/zara-jeans-pull-bear-shirt-adidas-sneakers_400.jpg
359,http://images0.chictopia.com/photos/LevitateStyle/2305702868/black-leather-gordon-rush-boots-black-leather-all-saints-jacket_400.jpg
360,http://images0.chictopia.com/photos/themoptop/5839138158/ruby-red-zara-coat-black-frame-jeans-white-reformation-shirt_400.jpg
361,http://images0.chictopia.com/photos/LevitateStyle/1672995739/black-bar-iii-shoes-white-slim-bar-iii-shirt_400.jpg
362,http://images0.chictopia.com/photos/RuxandraIoana/10516873846/zaful-shirt_400.jpg
363,http://images2.chictopia.com/photos/LevitateStyle/2126621319/navy-loafers-dsw-shoes-sky-blue-brooks-brothers-jacket_400.jpg
364,http://images0.chictopia.com/photos/marianelahd/5006976210/stradivarius-boots-tfnc-london-dress-zara-shirt-emporio-armani-sunglasses_400.jpg
365,http://images2.chictopia.com/photos/marianelahd/11063530800/mango-jeans-zara-shirt-ash-bag_400.jpg
366,http://images0.chictopia.com/photos/Beeswonderland/6203485305/topshop-shoes-wrangler-jeans-h-m-shirt_400.jpg
367,http://images0.chictopia.com/photos/themoptop/3616891447/navy-frame-jeans-off-white-frame-shirt-burnt-orange-need-supply-co-heels_400.jpg
368,http://images0.chictopia.com/photos/reyalfashion/5896111300/light-blue-h-m-jeans-black-valley-high-shirt-black-nike-sneakers_400.jpg
369,http://images2.chictopia.com/photos/LevitateStyle/8224658782/off-white-bomber-msx-by-michael-strahan-jacket_400.jpg
370,http://images0.chictopia.com/photos/marianelahd/10311909724/sheinside-shirt-imperio-clandestino-bag-emporio-armani-sunglasses_400.jpg
371,http://images2.chictopia.com/photos/LeFashionMonster/3180754259/white-forever-21-shirt_400.jpg
372,http://images0.chictopia.com/photos/reyalfashion/5284711929/white-levis-shirt-black-richer-poorer-socks-black-ray-ban-sunglasses_400.jpg
373,http://images2.chictopia.com/photos/marianelahd/4877184666/shein-shirt-mango-skirt-mango-heels_400.jpg
374,http://images2.chictopia.com/photos/elizabethkeene/8456096632/black-charlotte-russe-shoes-black-sheinside-jeans_400.jpg
375,http://images0.chictopia.com/photos/themoptop/10789232462/sky-blue-grana-jeans-white-grana-shirt_400.jpg
376,http://images0.chictopia.com/photos/LevitateStyle/3838451388/turquoise-blue-printed-perry-ellis-shirt-navy-slim-perry-ellis-pants_400.jpg
377,http://images0.chictopia.com/photos/RantiInReview/6817062115/white-block-heeled-shoes-striped-bow-shirt-black-bag_400.jpg
378,http://images2.chictopia.com/photos/Beeswonderland/9972572689/h-m-studio-shoes-zara-shirt-ray-ban-sunglasses-zara-pants_400.jpg
379,http://images0.chictopia.com/photos/michelletakeaim/11267076476/black-leather-vince-boots-brown-felt-rosetta-getty-jacket_400.jpg
380,http://images2.chictopia.com/photos/itsAndrei/2332836116/black-h-m-shoes-navy-h-m-jeans-charcoal-gray-h-m-shirt_400.jpg
381,http://images0.chictopia.com/photos/Beeswonderland/7630786663/deichmann-shoes-h-m-shirt-topshop-skirt_400.jpg
382,http://images0.chictopia.com/photos/Mara_M/3754045308/white-sfera-jeans-ruby-red-sfera-shirt_400.jpg
383,http://images0.chictopia.com/photos/reyalfashion/9563106744/navy-levis-jeans-white-bar-iii-shirt-black-ray-ban-sunglasses_400.jpg
384,http://images0.chictopia.com/photos/marianelahd/6550299866/c-a-shirt-it-shoes-bag-zara-shorts-mustang-wedges_400.jpg
385,http://images0.chictopia.com/photos/itsAndrei/5846149782/black-zara-boots-black-h-m-hat-bronze-h-m-shirt-black-h-m-pants_400.jpg
386,http://images0.chictopia.com/photos/andystyle/2964340446/tawny-boots-black-jeans-white-shirt_400.jpg
387,http://images0.chictopia.com/photos/ViktoriyaSener/2547693597/tan-romwe-shirt-army-green-solewish-sandals_400.jpg
388,http://images2.chictopia.com/photos/Kadri/6206273384/white-zaful-shirt_400.jpg
389,http://images0.chictopia.com/photos/Myblondegal/10721217604/light-blue-romwe-shirt-black-ray-ban-sunglasses-white-adidas-sneakers_400.jpg
390,http://images0.chictopia.com/photos/marianelahd/10502542325/mango-shirt-choies-bag-dolce-gabbana-sunglasses-oysho-sandals_400.jpg
391,http://images0.chictopia.com/photos/RuxandraIoana/4383809033/zaful-shirt_400.jpg
392,http://images2.chictopia.com/photos/reyalfashion/5938992229/white-h-m-shirt-black-buscemi-bag-black-ray-ban-sunglasses_400.jpg
393,http://images2.chictopia.com/photos/SomeoneLikeYou18/1891768541/black-h-m-shirt-black-thrifted-bag-black-thrifted-vintage-skirt_400.jpg
394,http://images2.chictopia.com/photos/itsAndrei/1755768327/brown-new-yorker-hat-off-white-h-m-shirt-bronze-scarf-black-h-m-shorts_400.jpg
395,http://images2.chictopia.com/photos/LevitateStyle/5334037929/off-white-loafers-jcrew-shoes-off-white-linen-zara-jacket_400.jpg
396,http://images2.chictopia.com/photos/itsAndrei/10911004067/black-h-m-shoes-beige-h-m-hat-silver-h-m-shirt-dark-khaki-zara-shorts_400.jpg
397,http://images2.chictopia.com/photos/braNYaudreY/4167264582/cream-of-scandinavia-shirt-abaday-bag-carvel-sandals_400.jpg
398,http://images2.chictopia.com/photos/marianelahd/7981123087/zara-shirt-guess-bag-bulgari-sunglasses-adidas-sneakers_400.jpg
399,http://images2.chictopia.com/photos/HaveClothesWillTrave/10493667593/star-wars-gifted-shirt-jump-from-paper-bag-pleated-modcloth-skirt_400.jpg
400,http://images2.chictopia.com/photos/themoptop/3197149213/black-sol-sana-shoes-black-frame-jeans-white-camp-collection-shirt_400.jpg
401,http://images0.chictopia.com/photos/jeancyu/5549552392/white-crop-top-bershka-shirt-navy-moto-mom-jeans-topshop-pants_400.jpg
402,http://images0.chictopia.com/photos/Maniciar/6916014595/shirt-shorts_400.jpg
403,http://images0.chictopia.com/photos/ElsaGervasi/6270120815/white-pull-bear-jeans-light-pink-primark-shirt-silver-primark-bag_400.jpg
404,http://images2.chictopia.com/photos/braNYaudreY/9682925270/white-new-yorker-shirt-white-zara-scarf-blue-carvel-sandals_400.jpg
405,http://images2.chictopia.com/photos/LevitateStyle/8947072906/ivory-oxford-todd-snyder-x-cole-haan-shoes-black-ripped-en-noir-x-gq-jeans_400.jpg
406,http://images2.chictopia.com/photos/pupuren/10865891266/black-black-zalora-shoes-white-cotton-muji-shirt-pink-heart-sunmill-tights_400.jpg
407,http://images2.chictopia.com/photos/queenhorsfall/6884853410/sky-blue-ny-company-jeans-light-blue-ny-company-shirt-black-ny-company-bag_400.jpg
408,http://images0.chictopia.com/photos/pupuren/9802837770/brown-brown-steve-madden-boots-green-abstract-h-m-leggings_400.jpg
409,http://images0.chictopia.com/photos/maryinvogue/10734202408/ivory-vintage-vintage-shirt-heather-gray-vintage-bag-vintage-bag_400.jpg
410,http://images2.chictopia.com/photos/tanfizzle/7636137647/off-white-h-m-shirt-navy-levis-shorts_400.jpg
411,http://images2.chictopia.com/photos/reyalfashion/6358831006/light-blue-banana-republic-jeans-black-wesc-jacket_400.jpg
412,http://images0.chictopia.com/photos/tanfizzle/10992967888/white-peasant-ecote-shirt-eggshell-ankle-crop-h-m-pants_400.jpg
413,http://images0.chictopia.com/photos/styleprovoking/6563123793/forever-21-hat-goodwill-shirt-nordstrom-sunglasses-forever-21-heels_400.jpg
414,http://images2.chictopia.com/photos/LevitateStyle/5005384930/light-brown-suede-allen-edmonds-shoes-navy-gingham-brooks-brothers-blazer_400.jpg
415,http://images0.chictopia.com/photos/DistrictGal/10352055284/navy-zara-shirt-light-pink-zara-pants_400.jpg
416,http://images0.chictopia.com/photos/Beeswonderland/1505532774/zara-shoes-zara-dress-primark-shirt_400.jpg
417,http://images0.chictopia.com/photos/reyalfashion/6622377365/silver-levis-shirt-dark-gray-eyebuydirect-sunglasses_400.jpg
418,http://images2.chictopia.com/photos/donkeycool/9142879671/white-zara-shirt-sky-blue-zara-shorts-charcoal-gray-tcn-swimwear_400.jpg
419,http://images2.chictopia.com/photos/RedReidinghood/2215899296/sky-blue-h-m-trend-shirt-black-asos-scarf-black-zara-bag-black-h-m-skirt_400.jpg
420,http://images0.chictopia.com/photos/tini_tani/6451527652/black-boots-black-blazer-white-shirt_400.jpg
421,http://images2.chictopia.com/photos/AnaRomero/8358632155/mango-shirt-mango-shorts-violeta-by-mango-sandals_400.jpg
422,http://images0.chictopia.com/photos/braNYaudreY/9423064093/light-blue-ofinger-store-shirt-burnt-orange-ofinger-store-bag_400.jpg
423,http://images2.chictopia.com/photos/DevoreLeBeauMonstre/8769982997/ruby-red-stylewe-shirt-black-adidas-sandals_400.jpg
424,http://images0.chictopia.com/photos/LevitateStyle/10702522744/gray-suede-allen-edmonds-shoes-blue-denim-uniqlo-shirt_400.jpg
425,http://images2.chictopia.com/photos/ElsaGervasi/6125106114/aquamarine-oasapcom-jeans-sky-blue-stradivarius-shirt-white-parfois-bag_400.jpg
426,http://images0.chictopia.com/photos/Fashionella/2563731278/silver-h-m-shirt-black-asos-bag-black-michael-kors-sandals_400.jpg
427,http://images2.chictopia.com/photos/DevoreLeBeauMonstre/9279326264/black-kill-city-jeans-periwinkle-urban-outfitters-shirt-camel-chanel-bag_400.jpg
428,http://images0.chictopia.com/photos/thefashionmedley/1490894158/black-h-m-jeans-off-white-need-supply-shirt-tawny-mansur-gavriel-bag_400.jpg
429,http://images2.chictopia.com/photos/reyalfashion/3649905562/navy-vans-shoes-tan-jcrew-hat-navy-uniqlo-shirt_400.jpg
430,http://images2.chictopia.com/photos/aminta/4174871264/red-thrifted-shirt-red-thrifted-vest_400.jpg
431,http://images2.chictopia.com/photos/ElsaGervasi/10176763820/white-green-coast-shirt-black-firmoo-sunglasses-navy-suede-zaful-skirt_400.jpg
432,http://images0.chictopia.com/photos/itsAndrei/3033277776/black-zara-shoes-charcoal-gray-zara-jeans-bronze-new-yorker-hat_400.jpg
433,http://images0.chictopia.com/photos/itsAndrei/10213737021/black-zara-shoes-black-h-m-jeans-black-h-m-hat-black-h-m-shirt_400.jpg
434,http://images0.chictopia.com/photos/BobbyR/9768322284/light-blue-tropical-bobby-raffin-shirt_400.jpg
435,http://images0.chictopia.com/photos/tijanabejita/6089706281/bubble-gum-plaid-primark-shirt-sky-blue-denim-sabrina-shorts_400.jpg
436,http://images2.chictopia.com/photos/ElsaGervasi/8797329804/silver-aliexpress-shoes-sky-blue-pull-bear-jeans_400.jpg
437,http://images2.chictopia.com/photos/RuxandraIoana/4151012034/poppy-lovers-shirt_400.jpg
438,http://images2.chictopia.com/photos/MinnieMuse/7771063093/thrifted-shirt-sam-moon-purse-handmade-skirt-modcloth-sandals_400.jpg
439,http://images0.chictopia.com/photos/ModaMama/8706043128/army-green-fedora-anthropologie-hat-heather-gray-kimono-self-made-jacket_400.jpg
440,http://images2.chictopia.com/photos/LevitateStyle/7142817755/beige-boat-shoes-cole-haan-shoes-navy-bomber-jacket-todd-snyder-jacket_400.jpg
441,http://images0.chictopia.com/photos/marianelahd/5925370037/zara-jeans-sheinside-shirt-fendi-sunglasses-suiteblanco-heels_400.jpg
442,http://images2.chictopia.com/photos/reyalfashion/8789410247/pink-hudson-jeans-tan-lacoste-jacket-silver-levis-shirt_400.jpg
443,http://images0.chictopia.com/photos/AurelaLacaj/8437050729/white-loeil-shirt-striped-forever-21-swimwear_400.jpg
444,http://images2.chictopia.com/photos/modefaucon/5844379288/navy-fringed-mango-jeans-white-white-shirt-h-m-shirt_400.jpg
445,http://images2.chictopia.com/photos/michelletakeaim/5869046743/cotton-forever-21-shirt_400.jpg
446,http://images2.chictopia.com/photos/YesStyle/7732768112/dark-khaki-gerio-shirt_400.jpg
447,http://images2.chictopia.com/photos/marianelahd/10691942289/zara-jeans-sheinside-shirt-adidas-sneakers_400.jpg
448,http://images2.chictopia.com/photos/itsAndrei/10124854900/brick-red-zara-shoes-black-h-m-jeans-black-h-m-blazer-black-h-m-shirt_400.jpg
449,http://images2.chictopia.com/photos/itskendallkay/1668598537/black-dress-shoes-tuk-shoes-shoes-black-felt-nordstrom-hat_400.jpg
450,http://images2.chictopia.com/photos/reyalfashion/1784091247/tan-timberland-boots-sky-blue-h-m-jeans-crimson-feltraiger-hat_400.jpg
451,http://images0.chictopia.com/photos/michelletakeaim/8123908893/cotton-mate-shirt_400.jpg
452,http://images0.chictopia.com/photos/SoniaEryka/9355728394/white-shirt_400.jpg
453,http://images0.chictopia.com/photos/reyalfashion/9929759288/brown-stacy-adams-shoes-white-forever21-shirt_400.jpg
454,http://images2.chictopia.com/photos/gespucci98/3226700327/zara-blazer-cos-shirt_400.jpg
455,http://images0.chictopia.com/photos/michelletakeaim/8750392246/cotton-cotton-on-shirt_400.jpg
456,http://images2.chictopia.com/photos/PamHetlinger/3632842210/white-dress-asos-shirt_400.jpg
457,http://images2.chictopia.com/photos/LeFashionMonster/9018271841/white-fifteen-twenty-shirt_400.jpg
458,http://images0.chictopia.com/photos/marianelahd/6656166648/mango-jeans-lefties-shirt-itshoes-bag-fendi-sunglasses_400.jpg
459,http://images0.chictopia.com/photos/reyalfashion/2922754139/black-lacoste-shoes-sky-blue-eight-field-of-freedom-jeans_400.jpg
460,http://images2.chictopia.com/photos/queenhorsfall/3569828448/white-sanctuary-jeans-white-forever-21-shirt-black-nuciano-bag_400.jpg
461,http://images0.chictopia.com/photos/LevitateStyle/4366388038/black-leather-kenneth-cole-shoes-white-uniqlo-jeans_400.jpg
462,http://images2.chictopia.com/photos/Lindwormmm/6145989692/nude-neff-hat-white-black-milk-leggings-bubble-gum-pink-comfy-thrifted-shirt_400.jpg
463,http://images2.chictopia.com/photos/reyalfashion/10536798007/dark-gray-levis-shirt-black-ray-ban-sunglasses_400.jpg
464,http://images2.chictopia.com/photos/MelodyJacob/7286854124/zaful-shirt_400.jpg
465,http://images2.chictopia.com/photos/styleprovoking/4716980977/ross-jacket-forever-21-shirt-zara-pants-urbanog-heels_400.jpg
466,http://images0.chictopia.com/photos/reyalfashion/8584541092/white-levis-shirt-navy-uniqlo-shorts-gold-richer-poorer-socks_400.jpg
467,http://images2.chictopia.com/photos/braNYaudreY/10955456598/zara-shirt-sisley-bag-z-a-jewlery-ring-h-m-cardigan_400.jpg
468,http://images2.chictopia.com/photos/braNYaudreY/8670643747/jagger-shirt-parfois-bag-freyrs-sunglasses-reebok-sneakers-h-m-pants_400.jpg
469,http://images0.chictopia.com/photos/michelletakeaim/6881047036/knit-nautica-shirt_400.jpg
470,http://images2.chictopia.com/photos/reyalfashion/8097789739/crimson-vans-shoes-crimson-jacob-holston-jeans-light-blue-h-m-shirt_400.jpg
471,http://images0.chictopia.com/photos/Tesa/4542168454/zara-shirt-balenciaga-bag-celine-sunglasses-guess-sandals_400.jpg
472,http://images0.chictopia.com/photos/reyalfashion/1855018013/navy-levis-jeans-navy-kenneth-cole-shirt-black-eye-buy-direct-sunglasses_400.jpg
473,http://images0.chictopia.com/photos/michelletakeaim/1984436905/cotton-madewell-shirt_400.jpg
474,http://images2.chictopia.com/photos/reyalfashion/10059200394/off-white-eight-field-of-freedom-jeans-olive-green-levis-shirt_400.jpg
475,http://images2.chictopia.com/photos/RuxandraIoana/5216967549/poppy-lovers-shirt-lightinthebox-heels_400.jpg
476,http://images2.chictopia.com/photos/reyalfashion/5279700604/navy-vans-shoes-off-white-jcrew-hat-white-levis-shirt-navy-levis-shorts_400.jpg
477,http://images2.chictopia.com/photos/itsnotthatdeep/3787823992/sky-blue-blanknyc-shirt-white-blank-nyc-pants-bronze-free-people-sandals_400.jpg
478,http://images0.chictopia.com/photos/KP0ssible/9396377966/forever-21-shirt-asos-jumper-valentino-heels_400.jpg
479,http://images0.chictopia.com/photos/katiquette/4757361596/levis-jeans-tobi-shirt_400.jpg
480,http://images2.chictopia.com/photos/shallwesasa/10053722815/less-than-60-shirt-shirt-bag-bag-sunglasses-sunglasses-heels-heels_400.jpg
481,http://images0.chictopia.com/photos/elizabethkeene/9845567489/nude-love-culture-shoes-white-wet-seal-jeans-silver-sweatshirt-gap-sweater_400.jpg
482,http://images0.chictopia.com/photos/elizabethkeene/7882802484/nude-charlotte-russe-shoes-blue-one-teaspoon-jeans-navy-gap-sweater_400.jpg
483,http://images0.chictopia.com/photos/elizabethkeene/6386051366/silver-steve-madden-shoes-white-justfab-shirt-black-chanel-bag_400.jpg
484,http://images2.chictopia.com/photos/PolishingColors/7132761700/silk-maysson-shirt-vintage-bag-designers-remix-pants-paper-dolls-sandals_400.jpg
485,http://images0.chictopia.com/photos/Estherluque_/10077458148/navy-wholesalebuying-coat-oxford-h-m-shirt-mini-zara-bag_400.jpg
486,http://images2.chictopia.com/photos/marianelahd/6600079003/zara-jeans-zara-shirt-mango-bag-adidas-sneakers-bershka-t-shirt_400.jpg
487,http://images2.chictopia.com/photos/DevoreLeBeauMonstre/3744109239/black-missguided-boots-light-pink-somedays-lovin-coat-white-lulus-shirt_400.jpg
488,http://images0.chictopia.com/photos/districtofchic/9466442894/black-skinny-jeans-dl1961-jeans-sky-blue-pixie-market-shirt_400.jpg
489,http://images2.chictopia.com/photos/timbo/5254794701/bershka-boots-oasapcom-coat-h-m-shirt-h-m-bag_400.jpg
490,http://images2.chictopia.com/photos/FestyinstyleBlog/9756785467/gant-jacket-gant-shirt-louis-vuitton-bag-adidas-sneakers-gant-skirt_400.jpg
491,http://images2.chictopia.com/photos/reyalfashion/4268926457/navy-lacoste-sweater-light-blue-h-m-shirt-light-blue-freyrs-sunglasses_400.jpg
492,http://images0.chictopia.com/photos/theambitionista/9686173550/bubble-gum-wool-maxmara-blazer-white-alice-olivia-shirt-black-smythson-bag_400.jpg
493,http://images2.chictopia.com/photos/prelel/2277605236/white-pull-bear-shirt-white-rosegal-skirt_400.jpg
494,http://images0.chictopia.com/photos/speevy/4605206719/zara-blazer-emporio-armani-shirt-burberry-pants_400.jpg
495,http://images2.chictopia.com/photos/HenEvia/9588873510/pull-bear-jeans-h-m-jacket-tommy-hilfiger-sweater-spicy-color-shirt_400.jpg
496,http://images0.chictopia.com/photos/Manuella/7255339034/white-shopbop-shirt-black-prada-sunglasses-light-pink-amiclubwear-sandals_400.jpg
497,http://images2.chictopia.com/photos/fak3shion/11033015892/navy-zara-jeans-white-knitted-vintage-jacket-blue-denim-uniqlo-shirt_400.jpg
498,http://images2.chictopia.com/photos/queenhorsfall/6670200467/navy-sheinside-shirt-black-ily-couture-sunglasses-white-forever-21-top_400.jpg
499,http://images0.chictopia.com/photos/HenEvia/6793199242/paruno-boots-dr-denim-jeans-spicy-color-korea-shirt-ray-ban-sunglasses_400.jpg
500,http://images0.chictopia.com/photos/reyalfashion/6187314002/navy-inc-international-concepts-blazer-white-forever21-shirt-tan-jcrew-pants_400.jpg
501,http://images2.chictopia.com/photos/itsAndrei/1809055414/black-zara-boots-black-zara-jacket-black-h-m-shirt_400.jpg
502,http://images0.chictopia.com/photos/HenEvia/9694518371/h-m-jeans-pull-bear-jacket-h-m-shirt-frank-wright-sneakers_400.jpg
503,http://images2.chictopia.com/photos/thebeautydojo/8867800191/heather-gray-diivinity-sweater-black-pencil-jean-forever-21-shirt_400.jpg
504,http://images0.chictopia.com/photos/itsAndrei/2080082535/black-zara-shoes-black-zara-jacket-off-white-zara-shirt_400.jpg
505,http://images0.chictopia.com/photos/reyalfashion/3463417147/black-stacy-adams-boots-gray-zara-coat-white-topman-shirt_400.jpg
506,http://images2.chictopia.com/photos/AlexandraBulac/8983700805/black-faux-fur-pimkie-jacket-green-ruffles-zara-shirt-black-meli-melo-bag_400.jpg
507,http://images2.chictopia.com/photos/forsevenseasons/5003545047/old-navy-shirt-coach-bag-sammydress-skirt-j-crew-necklace-aldo-heels_400.jpg
508,http://images2.chictopia.com/photos/reyalfashion/4209498317/sky-blue-lacoste-shirt-blue-toms-sunglasses-white-lacoste-sneakers_400.jpg
509,http://images2.chictopia.com/photos/littlemissmonbon/11160082767/blue-mink-pink-shirt-red-mink-pink-shorts-navy-asos-heels_400.jpg
510,http://images2.chictopia.com/photos/tanfizzle/1482229157/black-gap-jeans-navy-denim-madewell-shirt_400.jpg
511,http://images2.chictopia.com/photos/elizabethkeene/3640223354/peach-ymi-jeans-jeans-light-blue-striped-jcrew-blazer_400.jpg
512,http://images2.chictopia.com/photos/PolishingColors/7567042334/topshop-boots-girls-on-film-jacket-girls-on-film-shirt-new-look-bag_400.jpg
513,http://images2.chictopia.com/photos/FashionZen/9914763833/balenciaga-boots-acne-shirt-celine-sunglasses-other-stories-pants_400.jpg
514,http://images0.chictopia.com/photos/michelletakeaim/10893605064/cotton-the-fifth-label-shirt_400.jpg
515,http://images2.chictopia.com/photos/elizabethkeene/10494065800/white-charlotte-russe-shoes-peach-zara-blazer-white-mens-nordstrom-shirt_400.jpg
516,http://images0.chictopia.com/photos/LilianaGarcia/6179725967/off-white-mango-shirt-black-leather-michael-kors-bag_400.jpg
517,http://images0.chictopia.com/photos/shinysyl/10167499294/white-shirt-tallinder-shirt_400.jpg
518,http://images2.chictopia.com/photos/DevoreLeBeauMonstre/7290372528/black-urban-outfitters-boots-black-kill-city-jeans-black-akira-shirt_400.jpg
519,http://images0.chictopia.com/photos/queenhorsfall/4540993337/silver-public-desire-boots-white-forever21-shirt_400.jpg
520,http://images0.chictopia.com/photos/lilly_marlenne/6254572997/black-fedora-h-m-hat-white-viscose-moodo-shirt_400.jpg
521,http://images2.chictopia.com/photos/FashionZen/8793247094/shirt_400.jpg
522,http://images0.chictopia.com/photos/elizabethkeene/6803305962/nude-charlotte-russe-shoes-light-pink-floral-maggy-london-dress_400.jpg
523,http://images2.chictopia.com/photos/lilly_marlenne/6649217756/black-creepers-bershka-shoes-black-bowler-hat-h-m-hat_400.jpg
524,http://images0.chictopia.com/photos/michelletakeaim/8072464160/cotton-zady-shirt_400.jpg
525,http://images2.chictopia.com/photos/AikA_Style/6679572370/black-ripped-one-teaspoon-jeans-forest-green-flannel-sub-urban-riot-shirt_400.jpg
526,http://images0.chictopia.com/photos/sustainablesiren/1484577758/linen-tunic-ash-rose-shirt-natural-cork-bhava-belt-ash-rose-intimate_400.jpg
527,http://images2.chictopia.com/photos/FairyColors/9158781781/black-leather-prego-shoes-army-green-h-m-blazer_400.jpg
528,http://images2.chictopia.com/photos/KimTuttle/7924147189/black-forever-21-boots-black-maggy-london-dress-black-missguided-shirt_400.jpg
529,http://images0.chictopia.com/photos/armariodevero/6064422415/heather-gray-ripped-sheinside-jeans-white-butterflies-springfield-shirt_400.jpg
530,http://images2.chictopia.com/photos/Estherluque_/6873234996/camel-pepa-loves-coat-navy-zara-sweater-oversized-h-m-shirt_400.jpg
531,http://images0.chictopia.com/photos/AgirlnamedNydia/5267667776/black-leather-gypsy-warrior-jacket-light-blue-forever-21-shirt_400.jpg
532,http://images0.chictopia.com/photos/MichelaM/4096057049/heather-gray-bershka-shirt-blue-h-m-bag-black-zara-panties-black-h-m-vest_400.jpg
533,http://images2.chictopia.com/photos/michelletakeaim/1626742994/cotton-lacoste-shirt_400.jpg
534,http://images2.chictopia.com/photos/HenEvia/2632162015/dr-denim-jeans-h-m-shirt-frank-wright-sneakers-asos-necklace_400.jpg
535,http://images0.chictopia.com/photos/districtofchic/5751242108/olive-green-anorak-topshop-jacket-white-buffalo-plaid-boohoo-shirt_400.jpg
536,http://images0.chictopia.com/photos/lostbutnotfound1/1590296485/black-lf-shirt-black-rebecca-minkoff-bag-brown-celine-sunglasses_400.jpg
537,http://images2.chictopia.com/photos/sweetraspberryjam/11036889833/black-kayla-shoes-boots-black-ymi-jeans-jeans-white-primark-shirt_400.jpg
538,http://images0.chictopia.com/photos/FairyColors/11329733894/ruby-red-plaid-esprit-skirt-black-leather-shoes-hat-black-thrifted-shirt_400.jpg
539,http://images0.chictopia.com/photos/sidney_scarlett/5223142530/black-forever-21-boots-crimson-coat-gu-shirt-black-pull-bear-pants_400.jpg
540,http://images2.chictopia.com/photos/SilverGirl/8318435273/carrot-orange-shirt-zara-dress-blue-soorty-jeans_400.jpg
541,http://images0.chictopia.com/photos/BrunetteBraid/7788122133/white-thrifted-vintage-shirt-camel-zara-bag-nude-zara-heels_400.jpg
542,http://images0.chictopia.com/photos/BrunetteBraid/7621953841/light-blue-boyfriend-aeropostale-jeans-ruby-red-plaid-shirt-pull-bear-shirt_400.jpg
543,http://images0.chictopia.com/photos/Fashionella/2283446023/black-coupleof-shoes-black-mango-jeans-white-forever-21-shirt_400.jpg
544,http://images2.chictopia.com/photos/marianelahd/3579808048/bershka-boots-sheinside-shirt-bershka-pants_400.jpg
545,http://images2.chictopia.com/photos/elizabethkeene/7801446248/red-charlotte-russe-shoes-black-charlotte-russe-jacket-white-hanhny-shirt_400.jpg
546,http://images0.chictopia.com/photos/toutlamode/10157532032/dark-gray-acne-jeans-ivory-the-kooples-shirt-black-celine-bag_400.jpg
547,http://images0.chictopia.com/photos/KP0ssible/6056065738/h-m-dress-shirt-hanes-stockings_400.jpg
548,http://images0.chictopia.com/photos/RonyHuang/2170933066/polka-dot-from-korea-shirt-see-through-from-korea-skirt_400.jpg
549,http://images0.chictopia.com/photos/VamesWorld/1706911583/ivory-zara-shirt-silver-sandals_400.jpg
550,http://images0.chictopia.com/photos/toutlamode/3574505518/white-the-kooples-shirt-black-reed-krakoff-bag-black-marc-jacobs-sunglasses_400.jpg
551,http://images2.chictopia.com/photos/huntercollector/11302857716/blue-skinny-zara-jeans-peach-silk-equipment-shirt-tawny-tasseled-boden-bag_400.jpg
552,http://images0.chictopia.com/photos/marianelahd/2596752511/zara-boots-romwe-shirt-zara-skirt_400.jpg
553,http://images0.chictopia.com/photos/AmberWilkerson/3073741844/black-cotton-mother-jeans-black-cotton-forever-21-shirt_400.jpg
554,http://images2.chictopia.com/photos/itsAndrei/8215020753/black-zara-shoes-off-white-zara-shirt-black-h-m-pants_400.jpg
555,http://images0.chictopia.com/photos/reyalfashion/7903360501/forever21-jeans-levis-shirt-christian-louboutin-sneakers_400.jpg
556,http://images2.chictopia.com/photos/reyalfashion/5437064700/levis-shirt-brooks-heritage-sneakers-black-tux-suit_400.jpg
557,http://images0.chictopia.com/photos/converted_raquelpaiva/6734275012/levis-shirt_400.jpg
558,http://images2.chictopia.com/photos/itsAndrei/10637795531/black-zara-shoes-dark-gray-zara-coat-black-h-m-shirt-black-h-m-pants_400.jpg
559,http://images0.chictopia.com/photos/elizabethkeene/8397544839/nude-lulus-shoes-white-forever-21-coat-heather-gray-forever-21-sweater_400.jpg
560,http://images2.chictopia.com/photos/braNYaudreY/10425271509/zara-shoes-choies-coat-shirt-parfois-bag-h-m-pants_400.jpg
561,http://images0.chictopia.com/photos/braNYaudreY/4403024111/black-zara-boots-choies-coat-mango-jeans-choies-shirt-parfois-bag_400.jpg
562,http://images2.chictopia.com/photos/weariam/11409032917/skinny-jeans-zara-jeans-denim-shirt-ralph-lauren-shirt_400.jpg
